seed,dataset,sp_vocab_size_1,precision,recall,f_score
290956,m1/dev-clean,2000,0.2069528595944384,0.914389059749705,0.3375160197484676
290956,m1/dev-clean,5000,0.2196317102097192,0.870442368324339,0.350759181891875
290956,m1/dev-clean,10000,0.2269829318628698,0.8105379214298148,0.3546497850299603
290956,m1/dev-clean,15000,0.2303347050278101,0.7697827810982805,0.354573722146491
290956,m1/dev-clean,20000,0.23428168495922497,0.739066519661889,0.35578172066539715
